Store,Opening Date,Day of Week,Opening Week Cups,Avg Cups (Weeks 1+),Ratio (Opening/Avg),Trend Direction,Weeks of Data
28th & 6th,2025-06-30,Monday,820,374,2.19,Declining,32
54th & 8th,2025-08-24,Sunday,477,310,1.54,Declining,24
102 Fulton,2025-08-28,Thursday,575,417,1.38,Declining,23
100 Maiden Ln,2025-09-09,Tuesday,367,273,1.34,Declining,22
8th & Broadway,2025-06-30,Monday,739,660,1.12,Growing,15
37th & Broadway,2025-11-20,Thursday,526,497,1.06,Stable,11
15th & 3rd,2025-12-14,Sunday,143,139,1.03,Stable,8
221 Grand,2025-12-15,Monday,346,373,0.93,Stable/Mixed,8